{
    "layernum[6]_bsz2": 107.17090606689455,
    "layernum[12]_bsz2": 203.29519805908203,
    "layertype_0": 8.010357666015624
}